{"cameraMode":{"drawMode":0,"name":"Shaded","section":"Shading Mode"},"sceneLighting":true,"audioPlay":false,"sceneViewState":{"m_AlwaysRefresh":false,"showFog":true,"showSkybox":true,"showFlares":true,"showImageEffects":true,"showParticleSystems":true,"showVisualEffectGraphs":true,"m_FxEnabled":true},"in2DMode":false,"pivot":{"x":-1.0754214525222779,"y":7.268611907958984,"z":3.1101667881011965},"rotation":{"x":-0.19926892220973969,"y":0.06051407754421234,"z":-0.012330332770943642,"w":-0.9780001640319824},"size":8.753355026245118,"orthographic":false}