{"cameraMode":{"drawMode":0,"name":"Shaded","section":"Shading Mode"},"sceneLighting":true,"audioPlay":false,"sceneViewState":{"m_AlwaysRefresh":false,"showFog":true,"showSkybox":true,"showFlares":true,"showImageEffects":true,"showParticleSystems":true,"showVisualEffectGraphs":true,"m_FxEnabled":true},"in2DMode":false,"pivot":{"x":7.732648849487305,"y":12.091602325439454,"z":12.123664855957032},"rotation":{"x":0.2704964876174927,"y":-0.05791611969470978,"z":0.016326241195201875,"w":0.9609128832817078},"size":11.92501163482666,"orthographic":false}