{"cameraMode":{"drawMode":0,"name":"Shaded","section":"Shading Mode"},"sceneLighting":true,"audioPlay":false,"sceneViewState":{"m_AlwaysRefresh":false,"showFog":true,"showSkybox":true,"showFlares":true,"showImageEffects":true,"showParticleSystems":true,"showVisualEffectGraphs":true,"m_FxEnabled":true},"in2DMode":false,"pivot":{"x":-0.10862740129232407,"y":5.3176751136779789,"z":-1.6792144775390626},"rotation":{"x":-0.0405123345553875,"y":-0.9577160477638245,"z":0.16923077404499055,"w":-0.22920411825180055},"size":10.420025825500489,"orthographic":false}